[
  {
    "quantity_desc": "TOTAL GAMMA",
    "substance": "A5",
    "substance_desc": "EXTERNAL RADIATION",
    "quantity": "T-GAMMA"
  },
  {
    "quantity_desc": "TOTAL ALPHA",
    "substance": "A11",
    "substance_desc": "OUTDOOR AIR",
    "quantity": "T-ALFA"
  },
  {
    "quantity_desc": "TOTAL ALPHA",
    "substance": "A112F",
    "substance_desc": "OUTDOOR AIR, PARTICULATES ONLY, PARTICULATES FILTER ONLY: GLASS-FIBER FILTER",
    "quantity": "T-ALFA"
  },
  {
    "quantity_desc": "TOTAL ARTIFICIAL ALPHA",
    "substance": "A11",
    "substance_desc": "OUTDOOR AIR",
    "quantity": "T-ALFA-ART"
  },
  {
    "quantity_desc": "TOTAL NATURAL ALPHA",
    "substance": "A11",
    "substance_desc": "OUTDOOR AIR",
    "quantity": "T-ALFA-NAT"
  },
  {
    "quantity_desc": "TOTAL BETA",
    "substance": "A11",
    "substance_desc": "OUTDOOR AIR",
    "quantity": "T-BETA"
  },
  {
    "quantity_desc": "TOTAL BETA",
    "substance": "A112F",
    "substance_desc": "OUTDOOR AIR, PARTICULATES ONLY, PARTICULATES FILTER ONLY: GLASS-FIBER FILTER",
    "quantity": "T-BETA"
  },
  {
    "quantity_desc": "TOTAL BETA",
    "substance": "A211",
    "substance_desc": "RIVER WATER",
    "quantity": "T-BETA"
  },
  {
    "quantity_desc": "TOTAL BETA",
    "substance": "A411",
    "substance_desc": "TOTAL DEPOSITION",
    "quantity": "T-BETA"
  },
  {
    "quantity_desc": "TOTAL ARTIFICIAL BETA",
    "substance": "A11",
    "substance_desc": "OUTDOOR AIR",
    "quantity": "T-BETA-ART"
  }
]
